<?xml version="1.0" encoding="UTF-8"?>
<project-private xmlns="http://www.netbeans.org/ns/project-private/1">
    <editor-bookmarks xmlns="http://www.netbeans.org/ns/editor-bookmarks/2" lastBookmarkId="0"/>
    <open-files xmlns="http://www.netbeans.org/ns/projectui-open-files/2">
        <group>
            <file>file:/C:/Users/thanh/Documents/NetBeansProjects/ASSIGNMENT_JAVA3/src/assignment_java3/Form_Quan_Ly_Diem.java</file>
            <file>file:/C:/Users/thanh/Documents/NetBeansProjects/ASSIGNMENT_JAVA3/src/assignment_java3/Form_Quan_Ly_Sinh_Vien.java</file>
            <file>file:/C:/Users/thanh/Documents/NetBeansProjects/ASSIGNMENT_JAVA3/src/assignment_java3/Form_Dang_Nhap.java</file>
        </group>
    </open-files>
</project-private>
